ituofispoc2,1539685141.244021,29931,-76
ituofispoc4,1539685140.212,29931,-61
ituofispoc4,1539685144.7588518,29931,-61
ituofispoc4,1539685146.1208243,29931,-61
ituofispoc4,1539685147.0291317,29931,-58
ituofispoc2,1539685144.869638,29931,-74
ituofispoc2,1539685147.144988,29931,-65
ituofispoc2,1539685149.875865,29931,-66
ituofispoc2,1539685155.7826161,29931,-67
ituofispoc2,1539685157.61477,29931,-68
ituofispoc4,1539685160.6638787,29931,-61
ituofispoc4,1539685162.948486,29931,-60
ituofispoc4,1539685163.8489614,29931,-61
ituofispoc2,1539685163.0493107,29931,-71
ituofispoc4,1539685166.1232824,29931,-61
ituofispoc4,1539685167.0256686,29931,-61
ituofispoc4,1539685168.395335,29931,-60
ituofispoc2,1539685165.771915,29931,-75
ituofispoc2,1539685167.1342425,29931,-65
ituofispoc2,1539685167.5949402,29931,-66
ituofispoc2,1539685168.0520036,29931,-66
ituofispoc2,1539685173.4946444,29931,-64
ituofispoc2,1539685177.5864172,29931,-70
ituofispoc2,1539685191.2195644,29931,-76
ituofispoc2,1539685192.586353,29931,-62
ituofispoc2,1539685200.787942,29931,-64
ituofispoc2,1539685215.3673775,29931,-63
ituofispoc2,1539685216.2755573,29931,-57
ituofispoc2,1539685217.6356568,29931,-70
ituofispoc2,1539685224.45354,29931,-59
ituofispoc2,1539685226.7214324,29931,-66
ituofispoc2,1539685236.2972133,29931,-63
ituofispoc2,1539685236.750784,29931,-59
ituofispoc2,1539685237.208216,29931,-72
ituofispoc2,1539685237.6675198,29931,-74
ituofispoc2,1539685238.1212337,29931,-65
ituofispoc2,1539685244.4823995,29931,-64
ituofispoc2,1539685245.3958676,29931,-72
ituofispoc2,1539685245.8548272,29931,-64
ituofispoc2,1539685246.7682192,29931,-57
ituofispoc2,1539685247.6750941,29931,-58
ituofispoc2,1539685248.5958488,29931,-69
ituofispoc2,1539685250.4145794,29931,-72
ituofispoc2,1539685250.8695035,29931,-65
ituofispoc2,1539685251.317925,29931,-63
ituofispoc2,1539685252.681764,29931,-58
ituofispoc2,1539685254.1026063,29931,-65
ituofispoc2,1539685254.9613662,29931,-48
ituofispoc2,1539685255.4153943,29931,-58
ituofispoc2,1539685258.6208832,29931,-59
ituofispoc1,1539685267.6338394,29931,-71
ituofispoc1,1539685268.9956982,29931,-78
ituofispoc1,1539685272.1850226,29931,-71
ituofispoc1,1539685273.0902865,29931,-72
ituofispoc1,1539685273.5468318,29931,-72
ituofispoc1,1539685274.459254,29931,-71
ituofispoc1,1539685213.9393332,29931,-75
ituofispoc3,1539685150.8014302,29931,-79
ituofispoc3,1539685276.3722491,29931,-79
ituofispoc3,1539685215.8438952,29931,-80
ituofispoc2,1539685259.1189916,29931,-75
ituofispoc2,1539685260.4368157,29931,-60
ituofispoc2,1539685262.2520974,29931,-43
ituofispoc2,1539685263.155313,29931,-74
ituofispoc2,1539685274.5260448,29931,-67
ituofispoc2,1539685276.8061135,29931,-59
ituofispoc2,1539685277.7348046,29931,-66
ituofispoc2,1539685278.6319137,29931,-59
ituofispoc3,1539685155.8030663,29931,-86
ituofispoc3,1539685157.6475232,29931,-84
ituofispoc3,1539685159.9029188,29931,-76
ituofispoc1,1539685278.565404,29931,-80
ituofispoc1,1539685280.3854544,29931,-74
ituofispoc1,1539685217.5671456,29931,-69
ituofispoc1,1539685220.7438757,29931,-78
ituofispoc3,1539685280.4735832,29931,-85
ituofispoc2,1539685279.1289485,29931,-71
ituofispoc2,1539685283.6358497,29931,-59
ituofispoc3,1539685221.285405,29931,-82
ituofispoc3,1539685160.8120894,29931,-75
ituofispoc3,1539685161.7082236,29931,-87
ituofispoc3,1539685163.0682695,29931,-75
ituofispoc3,1539685163.9911447,29931,-77
ituofispoc1,1539685284.93604,29931,-71
ituofispoc1,1539685162.0827024,29931,-71
ituofispoc2,1539685286.3670154,29931,-61
ituofispoc2,1539685286.824696,29931,-60
ituofispoc2,1539685287.276004,29931,-60
ituofispoc3,1539685286.389445,29931,-82
ituofispoc3,1539685286.8386185,29931,-82
ituofispoc3,1539685167.156113,29931,-78
ituofispoc3,1539685168.0727782,29931,-89
ituofispoc3,1539685292.7526596,29931,-80
ituofispoc3,1539685293.6686294,29931,-86
ituofispoc3,1539685234.0318367,29931,-87
ituofispoc3,1539685173.515511,29931,-77
ituofispoc2,1539685289.5379124,29931,-55
ituofispoc2,1539685294.131001,29931,-65
ituofispoc2,1539685295.0172324,29931,-59
ituofispoc2,1539685296.8290696,29931,-65
ituofispoc3,1539685295.9364188,29931,-87
ituofispoc3,1539685296.8537247,29931,-87
ituofispoc3,1539685236.7768652,29931,-82
ituofispoc3,1539685237.6849697,29931,-83
ituofispoc3,1539685239.052497,29931,-84
ituofispoc3,1539685177.1431198,29931,-79
ituofispoc3,1539685177.606812,29931,-78
ituofispoc2,1539685301.3831425,29931,-68
ituofispoc2,1539685302.7523658,29931,-58
ituofispoc3,1539685301.405466,29931,-86
ituofispoc3,1539685243.1378658,29931,-79
ituofispoc3,1539685244.049064,29931,-81
ituofispoc3,1539685307.3174503,29931,-85
ituofispoc3,1539685245.8722596,29931,-79
ituofispoc3,1539685247.6895216,29931,-80
ituofispoc3,1539685248.1418173,29931,-78
ituofispoc3,1539685248.6133194,29931,-82
ituofispoc3,1539685187.1542566,29931,-92
ituofispoc2,1539685305.023274,29931,-75
ituofispoc2,1539685306.8397317,29931,-67
ituofispoc3,1539685250.8870547,29931,-84
ituofispoc3,1539685251.3373017,29931,-84
ituofispoc3,1539685252.723297,29931,-82
ituofispoc3,1539685257.722467,29931,-82
ituofispoc3,1539685259.5244799,29931,-79
ituofispoc3,1539685198.9848475,29931,-74
ituofispoc3,1539685320.1109874,29931,-86
ituofispoc3,1539685322.3170395,29931,-83
ituofispoc3,1539685323.2192628,29931,-85
ituofispoc3,1539685261.8127499,29931,-78
ituofispoc3,1539685264.9946744,29931,-81
ituofispoc3,1539685204.4594429,29931,-86
ituofispoc3,1539685325.9587004,29931,-85
ituofispoc3,1539685327.7775836,29931,-79
ituofispoc3,1539685265.4501925,29931,-79
ituofispoc3,1539685267.2756395,29931,-79
ituofispoc3,1539685205.3678539,29931,-79
ituofispoc3,1539685206.2827144,29931,-77
ituofispoc2,1539685310.0300689,29931,-65
ituofispoc2,1539685315.9432733,29931,-67
ituofispoc2,1539685318.204637,29931,-71
ituofispoc2,1539685325.4876556,29931,-64
ituofispoc2,1539685326.3844972,29931,-57
ituofispoc2,1539685327.7601178,29931,-63
ituofispoc2,1539685338.2223988,29931,-72
ituofispoc3,1539685338.2398453,29931,-78
ituofispoc3,1539685338.6934142,29931,-80
ituofispoc2,1539685339.5989363,29931,-58
ituofispoc2,1539685347.3043542,29931,-58
ituofispoc3,1539685346.87113,29931,-78
ituofispoc2,1539685349.5827286,29931,-64
ituofispoc3,1539685352.34459,29931,-60
ituofispoc3,1539685357.789375,29931,-77
ituofispoc2,1539685354.1353228,29931,-58
ituofispoc2,1539685355.4930198,29931,-54
ituofispoc2,1539685357.775196,29931,-65
ituofispoc2,1539685358.6785228,29931,-71
ituofispoc2,1539685359.1389372,29931,-78
ituofispoc3,1539685360.969069,29931,-65
ituofispoc3,1539685361.8725395,29931,-74
ituofispoc3,1539685362.3290236,29931,-67
ituofispoc2,1539685366.4148884,29931,-71
ituofispoc3,1539685365.5196717,29931,-66
ituofispoc3,1539685366.4371517,29931,-69
ituofispoc3,1539685366.8882163,29931,-67
ituofispoc3,1539685368.258581,29931,-69
ituofispoc3,1539685369.1636577,29931,-48
ituofispoc2,1539685370.0647714,29931,-78
ituofispoc2,1539685370.9647489,29931,-73
ituofispoc3,1539685370.5267477,29931,-67
ituofispoc3,1539685370.9806573,29931,-62
ituofispoc3,1539685371.4458606,29931,-64
ituofispoc3,1539685373.2810333,29931,-69
ituofispoc3,1539685374.6170678,29931,-60
ituofispoc2,1539685374.6113381,29931,-72
ituofispoc3,1539685375.1244805,29931,-64
ituofispoc2,1539685380.9649293,29931,-70
ituofispoc2,1539685382.7795167,29931,-75
ituofispoc2,1539685383.2277133,29931,-80
ituofispoc3,1539685383.245211,29931,-69
ituofispoc3,1539685385.5287936,29931,-61
ituofispoc3,1539685387.8059843,29931,-63
ituofispoc3,1539685390.5374684,29931,-68
ituofispoc3,1539685390.984835,29931,-68
ituofispoc3,1539685395.110992,29931,-70
ituofispoc3,1539685397.37335,29931,-68
ituofispoc3,1539685398.2882814,29931,-62
ituofispoc3,1539685398.7358978,29931,-61
ituofispoc2,1539685387.7884889,29931,-78
ituofispoc2,1539685388.2494242,29931,-65
ituofispoc2,1539685390.0638258,29931,-75
ituofispoc2,1539685395.0766084,29931,-73
ituofispoc2,1539685400.5401134,29931,-73
ituofispoc2,1539685401.9085732,29931,-66
ituofispoc3,1539685400.551015,29931,-69
ituofispoc3,1539685401.028513,29931,-69
ituofispoc3,1539685401.9156113,29931,-62
ituofispoc3,1539685404.1937146,29931,-61
ituofispoc2,1539685408.7274659,29931,-75
ituofispoc3,1539685405.0965595,29931,-63
ituofispoc3,1539685411.0094364,29931,-63
ituofispoc3,1539685412.3769457,29931,-70
ituofispoc3,1539685413.74531,29931,-63
ituofispoc2,1539685418.7308614,29931,-68
ituofispoc3,1539685415.1135395,29931,-62
ituofispoc3,1539685417.84759,29931,-61
ituofispoc3,1539685421.0262353,29931,-63
ituofispoc3,1539685421.4993632,29931,-63
ituofispoc3,1539685428.7683005,29931,-63
ituofispoc3,1539685432.3948882,29931,-62
ituofispoc3,1539685432.8515239,29931,-65
ituofispoc3,1539685434.2352388,29931,-67
ituofispoc3,1539685434.6749892,29931,-61
ituofispoc3,1539685437.864653,29931,-64
ituofispoc2,1539685439.2172976,29931,-73
ituofispoc2,1539685442.8279972,29931,-68
ituofispoc3,1539685442.8454294,29931,-63
ituofispoc3,1539685443.2940881,29931,-62
ituofispoc2,1539685447.3652015,29931,-80
ituofispoc3,1539685446.0253806,29931,-48
ituofispoc3,1539685446.47736,29931,-64
ituofispoc3,1539685447.3770645,29931,-68
ituofispoc3,1539685450.1155417,29931,-65
ituofispoc3,1539685450.58181,29931,-63
ituofispoc3,1539685451.0360777,29931,-62
ituofispoc3,1539685451.4848952,29931,-62
ituofispoc3,1539685451.9348097,29931,-62
ituofispoc3,1539685452.3869936,29931,-63
ituofispoc3,1539685454.6540267,29931,-63
ituofispoc2,1539685450.1017544,29931,-76
ituofispoc2,1539685451.4620926,29931,-70
ituofispoc2,1539685451.9173765,29931,-70
ituofispoc2,1539685457.3545356,29931,-76
ituofispoc2,1539685457.824934,29931,-79
ituofispoc3,1539685455.116394,29931,-62
ituofispoc3,1539685455.5679698,29931,-63
ituofispoc3,1539685459.6751094,29931,-68
ituofispoc2,1539685459.6374874,29931,-74
ituofispoc2,1539685460.5787873,29931,-69
ituofispoc2,1539685462.3910007,29931,-70
ituofispoc2,1539685463.7467284,29931,-76
ituofispoc3,1539685460.5700684,29931,-62
ituofispoc3,1539685461.0266118,29931,-69
ituofispoc3,1539685464.6741817,29931,-65
ituofispoc2,1539685464.1956887,29931,-64
ituofispoc2,1539685465.1084244,29931,-74
ituofispoc2,1539685465.5717492,29931,-69
ituofispoc3,1539685465.1257315,29931,-64
ituofispoc3,1539685465.583853,29931,-63
ituofispoc3,1539685466.4911237,29931,-70
ituofispoc3,1539685467.8547182,29931,-63
ituofispoc3,1539685468.3067331,29931,-63
ituofispoc3,1539685468.7661178,29931,-63
ituofispoc2,1539685469.6529226,29931,-73
ituofispoc2,1539685472.391419,29931,-74
ituofispoc3,1539685470.6008282,29931,-63
ituofispoc2,1539685475.117241,29931,-72
ituofispoc3,1539685475.1372638,29931,-68
ituofispoc3,1539685478.3246982,29931,-66
ituofispoc3,1539685478.7763145,29931,-66
ituofispoc2,1539685480.117175,29931,-75
ituofispoc3,1539685480.1344244,29931,-69
ituofispoc2,1539685484.6727073,29931,-67
ituofispoc2,1539685486.9286866,29931,-72
ituofispoc3,1539685489.2163892,29931,-62
ituofispoc2,1539685491.4855008,29931,-74
ituofispoc2,1539685492.3904574,29931,-89
ituofispoc3,1539685492.407785,29931,-64
ituofispoc2,1539685498.3117187,29931,-69
ituofispoc3,1539685495.1388738,29931,-59
ituofispoc3,1539685499.2352464,29931,-77
ituofispoc2,1539685499.2176971,29931,-63
ituofispoc2,1539685503.7719975,29931,-72
ituofispoc3,1539685500.1566029,29931,-60
ituofispoc2,1539685504.2361767,29931,-74
ituofispoc2,1539685506.49963,29931,-77
ituofispoc2,1539685506.9578586,29931,-69
ituofispoc2,1539685507.4150307,29931,-72
ituofispoc2,1539685507.86714,29931,-70
ituofispoc3,1539685505.160367,29931,-62
ituofispoc3,1539685505.6160264,29931,-62
ituofispoc3,1539685506.0754063,29931,-62
ituofispoc3,1539685506.5107436,29931,-63
ituofispoc3,1539685506.9753451,29931,-79
ituofispoc3,1539685507.4316545,29931,-63
ituofispoc3,1539685508.787782,29931,-63
ituofispoc2,1539685511.4930577,29931,-75
ituofispoc3,1539685515.6166875,29931,-64
ituofispoc3,1539685517.8997047,29931,-53
ituofispoc3,1539685519.2591152,29931,-63
ituofispoc3,1539685522.4386978,29931,-63
ituofispoc3,1539685525.1719458,29931,-62
ituofispoc3,1539685530.6387334,29931,-62
ituofispoc3,1539685534.6997533,29931,-61
ituofispoc2,1539685536.97631,29931,-76
ituofispoc3,1539685536.0799522,29931,-55
ituofispoc3,1539685538.8154068,29931,-62
ituofispoc3,1539685539.2889063,29931,-61
ituofispoc3,1539685541.0920012,29931,-61
ituofispoc3,1539685543.82942,29931,-53
ituofispoc2,1539685541.0829675,29931,-72
ituofispoc2,1539685543.8120627,29931,-77
ituofispoc2,1539685545.1863592,29931,-73
ituofispoc3,1539685545.2051435,29931,-61
ituofispoc3,1539685545.6757827,29931,-61
ituofispoc3,1539685546.5661068,29931,-63
ituofispoc2,1539685550.6491132,29931,-74
ituofispoc2,1539685552.0133739,29931,-69
ituofispoc3,1539685550.6664917,29931,-62
ituofispoc3,1539685551.5743947,29931,-63
ituofispoc3,1539685552.030845,29931,-62
ituofispoc2,1539685555.180515,29931,-73
ituofispoc3,1539685555.1978998,29931,-61
ituofispoc2,1539685561.092411,29931,-72
ituofispoc3,1539685561.139141,29931,-62
ituofispoc3,1539685564.2829366,29931,-62
ituofispoc3,1539685564.739297,29931,-63
ituofispoc2,1539685565.6268797,29931,-75
ituofispoc3,1539685565.6427507,29931,-61
ituofispoc3,1539685566.0928798,29931,-60
ituofispoc3,1539685567.4604137,29931,-81
ituofispoc2,1539685572.9180846,29931,-65
ituofispoc3,1539685572.9354832,29931,-61
ituofispoc3,1539685573.8512197,29931,-47
ituofispoc3,1539685574.3051808,29931,-46
ituofispoc2,1539685574.2876487,29931,-75
ituofispoc2,1539685575.653092,29931,-78
ituofispoc3,1539685576.580094,29931,-62
ituofispoc3,1539685577.4883955,29931,-61
ituofispoc2,1539685582.0240064,29931,-74
ituofispoc2,1539685583.8420067,29931,-76
ituofispoc3,1539685581.5893679,29931,-75
ituofispoc3,1539685582.4980352,29931,-61
ituofispoc3,1539685583.4080772,29931,-62
ituofispoc2,1539685588.3937364,29931,-75
ituofispoc3,1539685586.1303012,29931,-61
ituofispoc3,1539685589.7613099,29931,-63
ituofispoc2,1539685589.2890005,29931,-75
ituofispoc2,1539685590.6543448,29931,-71
ituofispoc3,1539685592.0269396,29931,-75
ituofispoc3,1539685592.4921913,29931,-61
ituofispoc3,1539685597.0426729,29931,-62
ituofispoc3,1539685597.503586,29931,-60
ituofispoc3,1539685599.7714162,29931,-63
ituofispoc2,1539685599.30154,29931,-73
ituofispoc2,1539685599.7538915,29931,-75
ituofispoc2,1539685600.2071471,29931,-74
ituofispoc2,1539685602.038684,29931,-71
ituofispoc3,1539685600.2287004,29931,-61
ituofispoc3,1539685602.0561209,29931,-61
ituofispoc3,1539685603.432714,29931,-72
ituofispoc2,1539685611.5724492,29931,-77
ituofispoc2,1539685613.3915324,29931,-71
ituofispoc2,1539685615.2146065,29931,-77
ituofispoc2,1539685622.487517,29931,-71
ituofispoc2,1539685627.4856217,29931,-76
ituofispoc2,1539685639.300033,29931,-78
ituofispoc2,1539685639.7589753,29931,-79
ituofispoc2,1539685642.4849355,29931,-78
ituofispoc2,1539685647.4941864,29931,-78
ituofispoc2,1539685647.9518538,29931,-70
ituofispoc2,1539685652.5050313,29931,-77
ituofispoc2,1539685657.9611628,29931,-79
ituofispoc2,1539685661.150535,29931,-76
ituofispoc2,1539685662.0631444,29931,-78
ituofispoc2,1539685662.9743056,29931,-77
ituofispoc3,1539685605.239498,29931,-63
ituofispoc3,1539685607.960871,29931,-75
ituofispoc3,1539685615.2319741,29931,-64
ituofispoc3,1539685617.9754355,29931,-62
ituofispoc3,1539685640.6838086,29931,-68
ituofispoc3,1539685644.3237693,29931,-59
ituofispoc3,1539685647.5141594,29931,-62
ituofispoc3,1539685649.3388636,29931,-60
ituofispoc3,1539685605.239498,29931,-63
ituofispoc3,1539685607.960871,29931,-75
ituofispoc2,1539685674.8151615,29931,-69
ituofispoc2,1539685678.4533813,29931,-75
ituofispoc3,1539685678.4668326,29931,-63
ituofispoc3,1539685680.2777147,29931,-63
ituofispoc3,1539685682.0985022,29931,-61
ituofispoc3,1539685684.3682826,29931,-61
ituofispoc2,1539685680.258921,29931,-77
ituofispoc2,1539685680.713259,29931,-71
ituofispoc3,1539685688.008147,29931,-64
ituofispoc3,1539685688.4673057,29931,-75
ituofispoc3,1539685693.0048869,29931,-72
ituofispoc3,1539685693.9101431,29931,-63
ituofispoc3,1539685695.2747278,29931,-63
ituofispoc3,1539685696.186823,29931,-62
ituofispoc3,1539685696.6432838,29931,-62
ituofispoc3,1539685698.4685655,29931,-63
ituofispoc3,1539685703.025275,29931,-75
ituofispoc3,1539685705.294417,29931,-61
ituofispoc3,1539685706.2278328,29931,-63
ituofispoc3,1539685708.4934666,29931,-77
ituofispoc3,1539685708.9398289,29931,-56
ituofispoc2,1539685687.0842118,29931,-73
ituofispoc2,1539685687.992966,29931,-81
ituofispoc2,1539685706.655249,29931,-79
ituofispoc2,1539685707.108308,29931,-86
ituofispoc2,1539685713.9333754,29931,-73
ituofispoc3,1539685714.3994348,29931,-62
ituofispoc3,1539685716.2295063,29931,-61
ituofispoc3,1539685717.1143632,29931,-62
ituofispoc3,1539685724.3701785,29931,-62
ituofispoc3,1539685727.094028,29931,-62
ituofispoc3,1539685727.6068084,29931,-64
ituofispoc2,1539685719.3702755,29931,-73
ituofispoc2,1539685722.0951178,29931,-71
ituofispoc2,1539685727.5411618,29931,-82
ituofispoc3,1539685731.1773436,29931,-64
ituofispoc3,1539685732.0785086,29931,-62
ituofispoc3,1539685733.4517698,29931,-61
ituofispoc3,1539685735.2632759,29931,-64
ituofispoc3,1539685735.7239754,29931,-76
ituofispoc3,1539685736.2012475,29931,-60
ituofispoc3,1539685737.09074,29931,-53
ituofispoc3,1539685742.1015055,29931,-63
ituofispoc3,1539685742.5611298,29931,-64
ituofispoc3,1539685744.8275158,29931,-60
ituofispoc2,1539685748.0022671,29931,-81
ituofispoc3,1539685748.0164344,29931,-64
ituofispoc3,1539685752.5565524,29931,-79
ituofispoc3,1539685756.1809077,29931,-83
ituofispoc3,1539685757.0893228,29931,-61
ituofispoc2,1539685756.1694167,29931,-71
ituofispoc2,1539685762.5446637,29931,-85
ituofispoc3,1539685762.1024055,29931,-64
ituofispoc3,1539685762.554424,29931,-72
ituofispoc3,1539685765.7450702,29931,-63
ituofispoc2,1539685764.8123505,29931,-68
ituofispoc2,1539685765.7294788,29931,-80
ituofispoc2,1539685772.556135,29931,-77
ituofispoc1,1539686059.5903764,29931,-63
ituofispoc1,1539686059.6281233,29931,-66
ituofispoc3,1539686063.2275243,29931,-64
ituofispoc3,1539686063.6876817,29931,-61
ituofispoc4,1539686062.672566,29931,-75
ituofispoc4,1539686062.6861613,29931,-73
ituofispoc4,1539686065.9331033,29931,-74
ituofispoc1,1539686064.1766894,29931,-68
ituofispoc1,1539686066.8536522,29931,-61
ituofispoc1,1539686068.6738858,29931,-68
ituofispoc3,1539686066.406937,29931,-64
ituofispoc3,1539686067.7660258,29931,-63
ituofispoc3,1539686068.6743174,29931,-81
ituofispoc2,1539686064.3908844,29931,-90
ituofispoc4,1539686070.016853,29931,-75
ituofispoc3,1539686070.1172397,29931,-65
ituofispoc3,1539686073.6693873,29931,-64
ituofispoc3,1539686074.587177,29931,-64
ituofispoc4,1539686073.644145,29931,-73
ituofispoc4,1539686075.9196537,29931,-74
ituofispoc4,1539686076.372304,29931,-74
ituofispoc1,1539686074.1174972,29931,-61
ituofispoc1,1539686074.5813024,29931,-68
ituofispoc1,1539686076.385855,29931,-67
ituofispoc3,1539686078.6889787,29931,-74
ituofispoc3,1539686079.1186242,29931,-62
ituofispoc4,1539686079.5549362,29931,-74
ituofispoc1,1539686080.9417784,29931,-65
ituofispoc1,1539686082.309924,29931,-64
ituofispoc1,1539686083.2180407,29931,-66
ituofispoc2,1539686079.5801997,29931,-73
ituofispoc3,1539686080.4881403,29931,-76
ituofispoc3,1539686083.6807768,29931,-63
ituofispoc4,1539686084.569467,29931,-72
ituofispoc1,1539686084.581535,29931,-63
ituofispoc2,1539686088.2496235,29931,-68
ituofispoc3,1539686087.7830203,29931,-79
ituofispoc3,1539686088.2425563,29931,-62
ituofispoc4,1539686088.2213223,29931,-73
ituofispoc4,1539686090.04271,29931,-83
ituofispoc1,1539686089.1386287,29931,-64
ituofispoc3,1539686091.8861833,29931,-65
ituofispoc2,1539686090.0874581,29931,-67
ituofispoc2,1539686090.524697,29931,-67
ituofispoc4,1539686094.585042,29931,-74
ituofispoc2,1539686097.7992094,29931,-76
ituofispoc1,1539686096.4253926,29931,-62
ituofispoc1,1539686097.7870889,29931,-66
ituofispoc1,1539686098.2470016,29931,-65
ituofispoc1,1539686098.701392,29931,-65
ituofispoc3,1539686095.0989254,29931,-63
ituofispoc3,1539686097.7916875,29931,-65
ituofispoc3,1539686098.2520573,29931,-75
ituofispoc3,1539686099.1619399,29931,-47
ituofispoc1,1539686101.437484,29931,-51
ituofispoc1,1539686101.8870034,29931,-67
ituofispoc1,1539686102.3366506,29931,-66
ituofispoc1,1539686103.246475,29931,-61
ituofispoc4,1539686105.9724274,29931,-72
ituofispoc1,1539686107.3493915,29931,-62
ituofispoc1,1539686108.2624142,29931,-54
ituofispoc3,1539686106.9060824,29931,-63
ituofispoc3,1539686107.8098361,29931,-62
ituofispoc3,1539686108.2687201,29931,-79
ituofispoc4,1539686111.4532313,29931,-75
ituofispoc1,1539686111.917154,29931,-64
ituofispoc1,1539686112.3720999,29931,-66
ituofispoc1,1539686112.8240385,29931,-68
ituofispoc2,1539686112.3804426,29931,-82
ituofispoc3,1539686111.466803,29931,-62
ituofispoc3,1539686112.392516,29931,-63
ituofispoc3,1539686112.8646865,29931,-82
ituofispoc3,1539686114.1885133,29931,-64
ituofispoc4,1539686114.1697843,29931,-74
ituofispoc1,1539686116.0101368,29931,-61
ituofispoc1,1539686116.9193316,29931,-65
ituofispoc1,1539686118.2943823,29931,-67
ituofispoc2,1539686114.6561627,29931,-73
ituofispoc2,1539686116.0244813,29931,-69
ituofispoc2,1539686118.32531,29931,-77
ituofispoc3,1539686116.0165222,29931,-76
ituofispoc3,1539686117.3906367,29931,-62
ituofispoc4,1539686118.28512,29931,-79
ituofispoc4,1539686120.584107,29931,-75
ituofispoc1,1539686122.3872297,29931,-67
ituofispoc2,1539686121.495871,29931,-74
ituofispoc2,1539686123.7658856,29931,-67
ituofispoc3,1539686120.5896773,29931,-63
ituofispoc3,1539686121.0429993,29931,-64
ituofispoc3,1539686121.4875343,29931,-63
ituofispoc3,1539686122.3921716,29931,-62
ituofispoc3,1539686123.7562318,29931,-78
ituofispoc1,1539686124.1992779,29931,-65
ituofispoc1,1539686124.651649,29931,-67
ituofispoc1,1539686127.829635,29931,-68
ituofispoc2,1539686128.3087263,29931,-70
ituofispoc1,1539686129.6409626,29931,-51
ituofispoc1,1539686131.0052676,29931,-65
ituofispoc1,1539686131.4553943,29931,-65
ituofispoc1,1539686133.7403865,29931,-64
ituofispoc2,1539686131.4686291,29931,-69
ituofispoc2,1539686131.9305525,29931,-73
ituofispoc2,1539686132.8432508,29931,-88
ituofispoc2,1539686133.3073015,29931,-69
ituofispoc3,1539686131.9218848,29931,-62
ituofispoc3,1539686132.852666,29931,-62
ituofispoc3,1539686133.3047295,29931,-75
ituofispoc2,1539686136.9298668,29931,-86
ituofispoc2,1539686137.3872108,29931,-70
ituofispoc2,1539686138.7545748,29931,-83
ituofispoc1,1539686137.3695724,29931,-65
ituofispoc1,1539686138.739469,29931,-66
ituofispoc3,1539686135.556872,29931,-61
ituofispoc3,1539686136.9211357,29931,-76
ituofispoc3,1539686137.3785422,29931,-77
ituofispoc3,1539686138.7452195,29931,-61
ituofispoc2,1539686143.3159506,29931,-81
ituofispoc3,1539686143.30029,29931,-62
ituofispoc1,1539686140.1056125,29931,-66
ituofispoc1,1539686140.5606432,29931,-56
ituofispoc4,1539686129.644631,29931,-60
ituofispoc4,1539686131.9166253,29931,-62
ituofispoc4,1539686133.7406306,29931,-77
ituofispoc4,1539686134.6442757,29931,-78
ituofispoc4,1539686135.0949388,29931,-79
ituofispoc4,1539686136.9195304,29931,-78
ituofispoc2,1539686148.322498,29931,-79
ituofispoc1,1539686144.664167,29931,-65
ituofispoc1,1539686145.1170845,29931,-52
ituofispoc3,1539686147.8598952,29931,-63
ituofispoc3,1539686148.3194337,29931,-64
ituofispoc4,1539686155.595076,29931,-72
ituofispoc4,1539686156.0460799,29931,-73
ituofispoc2,1539686155.6008055,29931,-73
ituofispoc1,1539686157.868068,29931,-51
ituofispoc1,1539686158.3203332,29931,-64
ituofispoc1,1539686158.777336,29931,-68
ituofispoc3,1539686155.591154,29931,-62
ituofispoc3,1539686158.7842662,29931,-62
ituofispoc3,1539686159.2416756,29931,-66
ituofispoc4,1539686158.3341641,29931,-72
ituofispoc4,1539686161.9534073,29931,-70
ituofispoc1,1539686160.5877964,29931,-72
ituofispoc2,1539686160.6012595,29931,-69
ituofispoc2,1539686161.505112,29931,-72
ituofispoc2,1539686161.959444,29931,-82
ituofispoc3,1539686161.0409036,29931,-70
ituofispoc4,1539686164.6868005,29931,-72
ituofispoc4,1539686165.5992355,29931,-72
ituofispoc2,1539686164.698544,29931,-82
ituofispoc2,1539686168.3195875,29931,-68
ituofispoc3,1539686165.6071382,29931,-61
ituofispoc2,1539686172.8574686,29931,-79
ituofispoc1,1539686170.119333,29931,-65
ituofispoc1,1539686171.0257647,29931,-60
ituofispoc3,1539686170.1187117,29931,-64
ituofispoc3,1539686171.4846375,29931,-71
ituofispoc3,1539686172.8473878,29931,-63
ituofispoc3,1539686174.2075381,29931,-62
ituofispoc4,1539686172.4003825,29931,-74
ituofispoc4,1539686173.3072488,29931,-76
ituofispoc4,1539686174.2194335,29931,-85
ituofispoc4,1539686175.1214008,29931,-74
ituofispoc4,1539686176.4898865,29931,-71
ituofispoc2,1539686174.217456,29931,-79
ituofispoc2,1539686175.1292715,29931,-68
ituofispoc3,1539686175.573026,29931,-63
ituofispoc1,1539686174.2087386,29931,-70
ituofispoc1,1539686175.568859,29931,-67
ituofispoc1,1539686176.9354565,29931,-67
ituofispoc4,1539686181.5096493,29931,-74
ituofispoc1,1539686182.8746457,29931,-52
ituofispoc3,1539686180.141022,29931,-64
ituofispoc3,1539686184.68857,29931,-62
ituofispoc4,1539686182.4259982,29931,-58
ituofispoc2,1539686184.6968412,29931,-72
ituofispoc1,1539686186.5159473,29931,-67
ituofispoc1,1539686188.336534,29931,-62
ituofispoc1,1539686188.7909377,29931,-64
ituofispoc3,1539686185.1483054,29931,-63
ituofispoc3,1539686186.5063772,29931,-62
ituofispoc3,1539686187.8728995,29931,-62
ituofispoc3,1539686188.785664,29931,-63
ituofispoc4,1539686188.344168,29931,-73
ituofispoc2,1539686191.9868958,29931,-69
ituofispoc3,1539686191.0673695,29931,-49
ituofispoc4,1539686196.0776882,29931,-75
ituofispoc4,1539686196.543551,29931,-69
ituofispoc1,1539686196.5308762,29931,-64
ituofispoc2,1539686194.712341,29931,-68
ituofispoc2,1539686195.6224606,29931,-78
ituofispoc2,1539686196.0758994,29931,-76
ituofispoc2,1539686196.5330122,29931,-79
ituofispoc1,1539686202.8910007,29931,-63
ituofispoc1,1539686203.347636,29931,-70
ituofispoc2,1539686202.438791,29931,-78
ituofispoc2,1539686203.3459375,29931,-78
ituofispoc3,1539686200.610457,29931,-69
ituofispoc3,1539686202.427647,29931,-62
ituofispoc3,1539686203.334706,29931,-62
ituofispoc3,1539686203.7945533,29931,-68
ituofispoc3,1539686204.6972537,29931,-62
ituofispoc4,1539686202.8903177,29931,-76
ituofispoc4,1539686203.3575869,29931,-83
ituofispoc4,1539686204.707896,29931,-72
ituofispoc1,1539686208.808983,29931,-69
ituofispoc2,1539686204.7083619,29931,-69
ituofispoc3,1539686207.4402294,29931,-52
ituofispoc3,1539686208.348036,29931,-61
ituofispoc3,1539686208.7884479,29931,-63
ituofispoc4,1539686211.5354214,29931,-73
ituofispoc1,1539686209.7112641,29931,-74
ituofispoc1,1539686211.0720015,29931,-65
ituofispoc1,1539686211.9931705,29931,-68
ituofispoc3,1539686210.1654224,29931,-62
ituofispoc4,1539686214.7226253,29931,-82
ituofispoc4,1539686215.6266518,29931,-75
ituofispoc1,1539686214.7227917,29931,-68
ituofispoc1,1539686215.633,29931,-68
ituofispoc1,1539686216.5365317,29931,-64
ituofispoc1,1539686216.9985788,29931,-67
ituofispoc2,1539686214.7178962,29931,-86
ituofispoc2,1539686216.9966698,29931,-78
ituofispoc3,1539686216.981957,29931,-62
ituofispoc1,1539686219.2722342,29931,-66
ituofispoc4,1539686221.5404937,29931,-75
ituofispoc2,1539686221.5371687,29931,-68
ituofispoc3,1539686221.527034,29931,-60
ituofispoc3,1539686221.9850762,29931,-61
ituofispoc1,1539686226.5512764,29931,-67
ituofispoc1,1539686227.0040143,29931,-63
ituofispoc1,1539686228.8324404,29931,-69
ituofispoc2,1539686227.4573054,29931,-77
ituofispoc3,1539686225.624942,29931,-62
ituofispoc3,1539686226.079893,29931,-72
ituofispoc3,1539686226.5527663,29931,-62
ituofispoc3,1539686228.351676,29931,-60
ituofispoc3,1539686229.7182915,29931,-61
ituofispoc4,1539686230.6518767,29931,-75
ituofispoc1,1539686230.182339,29931,-71
ituofispoc1,1539686230.6432028,29931,-62
ituofispoc1,1539686231.101605,29931,-64
ituofispoc3,1539686230.1696126,29931,-60
ituofispoc3,1539686233.3467858,29931,-62
ituofispoc3,1539686233.8045838,29931,-62
ituofispoc4,1539686234.7295868,29931,-71
ituofispoc1,1539686234.2664196,29931,-62
ituofispoc1,1539686235.1791196,29931,-71
ituofispoc3,1539686237.43359,29931,-61
ituofispoc3,1539686238.7944627,29931,-74
ituofispoc4,1539686237.4593487,29931,-73
ituofispoc4,1539686241.5338936,29931,-73
ituofispoc4,1539686241.9881585,29931,-80
ituofispoc1,1539686239.2726636,29931,-55
ituofispoc1,1539686240.6274538,29931,-65
ituofispoc1,1539686241.0798006,29931,-62
ituofispoc1,1539686241.5333595,29931,-59
ituofispoc1,1539686242.9006948,29931,-68
ituofispoc1,1539686243.3531146,29931,-67
ituofispoc2,1539686241.0823622,29931,-78
ituofispoc2,1539686241.983173,29931,-81
ituofispoc2,1539686242.8948133,29931,-90
ituofispoc3,1539686241.9716046,29931,-63
ituofispoc1,1539686244.7193182,29931,-62
ituofispoc1,1539686245.1758578,29931,-64
ituofispoc1,1539686245.6390636,29931,-52
ituofispoc1,1539686246.079988,29931,-66
ituofispoc1,1539686246.5268452,29931,-65
ituofispoc2,1539686247.4334834,29931,-69
ituofispoc2,1539686247.891587,29931,-91
ituofispoc3,1539686245.1544394,29931,-62
ituofispoc3,1539686247.4217126,29931,-61
ituofispoc3,1539686249.6948152,29931,-61
ituofispoc4,1539686247.4279003,29931,-75
ituofispoc1,1539686249.707376,29931,-65
ituofispoc1,1539686250.1746457,29931,-63
ituofispoc1,1539686251.973817,29931,-49
ituofispoc2,1539686249.7000208,29931,-76
ituofispoc2,1539686250.1572516,29931,-77
ituofispoc2,1539686250.6065128,29931,-67
ituofispoc2,1539686253.789035,29931,-73
ituofispoc3,1539686250.1448855,29931,-77
ituofispoc3,1539686252.425738,29931,-63
ituofispoc3,1539686253.7787092,29931,-63
ituofispoc3,1539686254.2383049,29931,-61
ituofispoc3,1539686254.6922736,29931,-62
ituofispoc4,1539686253.7902422,29931,-73
ituofispoc1,1539686254.257669,29931,-61
ituofispoc1,1539686255.1689248,29931,-67
ituofispoc1,1539686256.0779035,29931,-65
ituofispoc1,1539686256.5320117,29931,-63
ituofispoc2,1539686255.1615949,29931,-71
ituofispoc2,1539686256.52611,29931,-86
ituofispoc3,1539686255.1524181,29931,-79
ituofispoc3,1539686258.3470485,29931,-61
ituofispoc4,1539686258.3534918,29931,-73
ituofispoc4,1539686259.2624955,29931,-82
ituofispoc4,1539686261.0890443,29931,-71
ituofispoc1,1539686259.7150962,29931,-62
ituofispoc1,1539686261.0904448,29931,-65
ituofispoc1,1539686262.0085666,29931,-68
ituofispoc1,1539686263.3564115,29931,-51
ituofispoc1,1539686263.808705,29931,-64
ituofispoc2,1539686261.0876896,29931,-83
ituofispoc2,1539686262.4506612,29931,-76
ituofispoc2,1539686263.3481212,29931,-86
ituofispoc3,1539686261.0746112,29931,-62
ituofispoc3,1539686261.9853137,29931,-58
ituofispoc3,1539686262.4374278,29931,-58
ituofispoc3,1539686263.7833712,29931,-69
ituofispoc4,1539686262.4532037,29931,-69
ituofispoc4,1539686263.36246,29931,-72
ituofispoc4,1539686263.8147547,29931,-74
ituofispoc4,1539686265.1699867,29931,-77
ituofispoc2,1539686265.1747625,29931,-70
ituofispoc2,1539686268.8042896,29931,-61
ituofispoc1,1539686264.285348,29931,-59
ituofispoc1,1539686265.1711948,29931,-67
ituofispoc1,1539686266.08106,29931,-69
ituofispoc1,1539686266.5375183,29931,-72
ituofispoc1,1539686268.3527656,29931,-80
ituofispoc3,1539686267.4253209,29931,-69
ituofispoc4,1539686268.3595836,29931,-69
ituofispoc4,1539686271.0834005,29931,-66
ituofispoc4,1539686271.9990098,29931,-61
ituofispoc1,1539686269.7218897,29931,-70
ituofispoc1,1539686272.9011185,29931,-79
ituofispoc2,1539686269.257332,29931,-66
ituofispoc2,1539686270.6288004,29931,-63
ituofispoc2,1539686271.0793974,29931,-64
ituofispoc3,1539686270.611033,29931,-75
ituofispoc3,1539686273.3437672,29931,-67
ituofispoc4,1539686276.5401225,29931,-70
ituofispoc2,1539686276.984625,29931,-70
ituofispoc2,1539686278.340905,29931,-47
ituofispoc1,1539686276.536079,29931,-63
ituofispoc1,1539686278.349738,29931,-67
ituofispoc3,1539686276.5136285,29931,-72
ituofispoc2,1539686279.2537806,29931,-54
ituofispoc2,1539686280.1675227,29931,-58
ituofispoc2,1539686281.0725448,29931,-55
ituofispoc3,1539686281.5106785,29931,-72
ituofispoc4,1539686280.169283,29931,-67
ituofispoc4,1539686281.5297718,29931,-63
ituofispoc4,1539686281.980146,29931,-63
ituofispoc4,1539686283.358392,29931,-58
ituofispoc4,1539686284.255792,29931,-65
ituofispoc4,1539686285.616813,29931,-59
ituofispoc1,1539686288.814807,29931,-71
ituofispoc4,1539686288.800803,29931,-57
ituofispoc4,1539686290.631403,29931,-48
ituofispoc4,1539686291.0849571,29931,-57
ituofispoc4,1539686291.9868693,29931,-57
ituofispoc1,1539686290.643543,29931,-71
ituofispoc2,1539686289.7117026,29931,-50
ituofispoc2,1539686290.6384168,29931,-63
ituofispoc2,1539686291.9798415,29931,-55
ituofispoc2,1539686292.4353905,29931,-56
ituofispoc2,1539686292.8904295,29931,-55
ituofispoc2,1539686293.7925007,29931,-54
ituofispoc3,1539686291.9681454,29931,-73
ituofispoc3,1539686292.8712168,29931,-75
ituofispoc3,1539686293.778003,29931,-71
ituofispoc4,1539686295.1559176,29931,-60
ituofispoc4,1539686296.069247,29931,-58
ituofispoc4,1539686296.5207908,29931,-67
ituofispoc1,1539686295.1589065,29931,-69
ituofispoc1,1539686296.5236611,29931,-74
ituofispoc1,1539686297.8910286,29931,-55
ituofispoc2,1539686295.149513,29931,-56
ituofispoc2,1539686296.520173,29931,-56
ituofispoc4,1539686299.2474883,29931,-69
ituofispoc4,1539686300.1838162,29931,-62
ituofispoc4,1539686301.076876,29931,-57
ituofispoc1,1539686300.1634982,29931,-71
ituofispoc1,1539686303.8309174,29931,-67
ituofispoc2,1539686300.1531665,29931,-54
ituofispoc2,1539686300.6225004,29931,-73
ituofispoc3,1539686300.1398888,29931,-73
ituofispoc3,1539686302.4268801,29931,-75
ituofispoc4,1539686303.365809,29931,-65
ituofispoc1,1539686307.0104673,29931,-71
ituofispoc1,1539686307.4621105,29931,-72
ituofispoc2,1539686306.0881653,29931,-56
ituofispoc2,1539686307.0027466,29931,-55
ituofispoc2,1539686307.4521055,29931,-61
ituofispoc2,1539686308.3692403,29931,-61
ituofispoc4,1539686307.910006,29931,-58
ituofispoc4,1539686308.3613749,29931,-58
ituofispoc4,1539686309.736338,29931,-60
ituofispoc4,1539686311.5518773,29931,-66
ituofispoc1,1539686309.7325325,29931,-68
ituofispoc1,1539686310.1902547,29931,-54
ituofispoc1,1539686312.468751,29931,-67
ituofispoc2,1539686309.2677882,29931,-58
ituofispoc2,1539686311.1029727,29931,-55
ituofispoc2,1539686311.5598724,29931,-56
ituofispoc2,1539686312.0117385,29931,-54
ituofispoc2,1539686312.4580834,29931,-54
ituofispoc2,1539686313.37065,29931,-54
ituofispoc3,1539686311.0801282,29931,-76
ituofispoc3,1539686312.445614,29931,-71
ituofispoc3,1539686314.2608724,29931,-75
ituofispoc4,1539686312.1436934,29931,-67
ituofispoc4,1539686312.4642184,29931,-59
ituofispoc4,1539686312.9166145,29931,-59
ituofispoc4,1539686313.3727176,29931,-57
ituofispoc4,1539686314.7417364,29931,-48
ituofispoc4,1539686316.108793,29931,-60
ituofispoc1,1539686314.7449894,29931,-65
ituofispoc1,1539686317.931839,29931,-73
ituofispoc2,1539686316.1006129,29931,-63
ituofispoc2,1539686316.5537395,29931,-55
ituofispoc2,1539686317.9210148,29931,-54
ituofispoc2,1539686318.8342783,29931,-55
ituofispoc4,1539686318.3809407,29931,-72
ituofispoc4,1539686321.111337,29931,-60
ituofispoc2,1539686320.1937253,29931,-55
ituofispoc1,1539686320.2099018,29931,-67
ituofispoc1,1539686323.845826,29931,-70
ituofispoc3,1539686320.1780868,29931,-73
ituofispoc3,1539686324.7311857,29931,-75
ituofispoc4,1539686322.932624,29931,-66
ituofispoc4,1539686323.837583,29931,-59
ituofispoc4,1539686324.2929115,29931,-59
ituofispoc4,1539686324.7482746,29931,-59
ituofispoc4,1539686325.2064767,29931,-66
ituofispoc4,1539686325.6652558,29931,-59
ituofispoc2,1539686324.291189,29931,-60
ituofispoc2,1539686324.7444036,29931,-55
ituofispoc2,1539686325.1985443,29931,-55
ituofispoc2,1539686327.4747453,29931,-56
ituofispoc1,1539686327.9559143,29931,-74
ituofispoc1,1539686328.8459525,29931,-67
ituofispoc3,1539686325.182885,29931,-76
ituofispoc3,1539686325.6403615,29931,-75
ituofispoc3,1539686327.4615762,29931,-75
ituofispoc3,1539686329.273169,29931,-74
ituofispoc3,1539686329.7278223,29931,-71
ituofispoc4,1539686327.4813857,29931,-57
ituofispoc4,1539686329.294615,29931,-59
ituofispoc4,1539686331.1153088,29931,-67
ituofispoc4,1539686331.5709565,29931,-66
ituofispoc2,1539686329.7436938,29931,-54
ituofispoc2,1539686330.2029533,29931,-63
ituofispoc2,1539686331.1217942,29931,-55
ituofispoc2,1539686332.0185277,29931,-54
ituofispoc1,1539686332.0306244,29931,-67
ituofispoc3,1539686332.0022037,29931,-75
ituofispoc4,1539686334.2929077,29931,-62
ituofispoc4,1539686335.2000866,29931,-63
ituofispoc4,1539686335.658063,29931,-58
ituofispoc4,1539686336.1123981,29931,-59
ituofispoc1,1539686335.6669157,29931,-69
ituofispoc2,1539686335.6455336,29931,-54
ituofispoc2,1539686338.3801672,29931,-54
ituofispoc3,1539686335.1749556,29931,-74
ituofispoc3,1539686335.6442487,29931,-74
ituofispoc3,1539686339.27228,29931,-73
ituofispoc4,1539686339.2903976,29931,-46
ituofispoc4,1539686341.1068,29931,-63
ituofispoc4,1539686341.561888,29931,-63
ituofispoc1,1539686341.1110337,29931,-79
ituofispoc2,1539686342.4540658,29931,-55
ituofispoc2,1539686342.908472,29931,-54
ituofispoc2,1539686343.824202,29931,-55
ituofispoc1,1539686345.2052207,29931,-67
ituofispoc1,1539686347.4756236,29931,-54
ituofispoc1,1539686348.383398,29931,-83
ituofispoc2,1539686348.381631,29931,-54
ituofispoc4,1539686350.1903899,29931,-63
ituofispoc4,1539686350.6498218,29931,-65
ituofispoc1,1539686353.8304434,29931,-79
ituofispoc2,1539686352.919627,29931,-55
ituofispoc2,1539686353.3728878,29931,-56
ituofispoc4,1539686352.9225893,29931,-64
ituofispoc4,1539686354.279043,29931,-63
ituofispoc4,1539686356.546766,29931,-58
ituofispoc1,1539686354.7317555,29931,-75
ituofispoc1,1539686355.6487577,29931,-76
ituofispoc1,1539686357.9120424,29931,-82
ituofispoc1,1539686358.36695,29931,-73
ituofispoc2,1539686356.54258,29931,-55
ituofispoc2,1539686356.997018,29931,-55
ituofispoc3,1539686356.9831102,29931,-68
ituofispoc3,1539686359.7001789,29931,-75
ituofispoc4,1539686357.9110363,29931,-58
ituofispoc4,1539686359.7204044,29931,-59
ituofispoc4,1539686361.0929961,29931,-59
ituofispoc1,1539686360.1805687,29931,-80
ituofispoc2,1539686359.7159739,29931,-59
ituofispoc2,1539686360.1711268,29931,-58
ituofispoc2,1539686360.632983,29931,-54
ituofispoc2,1539686362.4432771,29931,-64
ituofispoc3,1539686362.4410474,29931,-75
ituofispoc3,1539686364.2562728,29931,-76
ituofispoc4,1539686365.638705,29931,-59
ituofispoc4,1539686366.558208,29931,-64
ituofispoc4,1539686367.0008192,29931,-61
ituofispoc2,1539686364.7313585,29931,-43
ituofispoc2,1539686365.634746,29931,-55
ituofispoc2,1539686366.5475636,29931,-54
ituofispoc2,1539686367.449874,29931,-54
ituofispoc2,1539686367.8991914,29931,-54
ituofispoc2,1539686368.360785,29931,-57
ituofispoc2,1539686368.8168435,29931,-59
ituofispoc1,1539686364.2858317,29931,-74
ituofispoc1,1539686366.547624,29931,-87
ituofispoc3,1539686365.6195767,29931,-82
ituofispoc3,1539686366.5321836,29931,-89
ituofispoc3,1539686367.4277186,29931,-82
ituofispoc2,1539686370.1745267,29931,-56
ituofispoc2,1539686371.0893645,29931,-58
ituofispoc2,1539686371.537366,29931,-59
ituofispoc2,1539686372.91562,29931,-55
ituofispoc2,1539686373.3652787,29931,-59
ituofispoc1,1539686374.2835104,29931,-88
ituofispoc1,1539686375.6516066,29931,-76
ituofispoc1,1539686377.9254272,29931,-89
ituofispoc1,1539686378.37851,29931,-73
ituofispoc2,1539686374.2790914,29931,-55
ituofispoc2,1539686374.7321131,29931,-55
ituofispoc2,1539686376.5604362,29931,-59
ituofispoc2,1539686377.911856,29931,-55
ituofispoc4,1539686382.0018818,29931,-57
ituofispoc1,1539686380.1974862,29931,-68
ituofispoc1,1539686381.1069825,29931,-77
ituofispoc2,1539686380.1865118,29931,-39
ituofispoc2,1539686380.6378381,29931,-39
ituofispoc2,1539686381.0924876,29931,-55
ituofispoc3,1539686384.259509,29931,-76
ituofispoc3,1539686384.70631,29931,-76
ituofispoc4,1539686382.4592955,29931,-62
ituofispoc4,1539686383.3746772,29931,-62
ituofispoc4,1539686384.7343464,29931,-57
ituofispoc4,1539686386.5494475,29931,-62
ituofispoc1,1539686384.2893622,29931,-72
ituofispoc1,1539686384.7377536,29931,-73
ituofispoc1,1539686385.649002,29931,-72
ituofispoc1,1539686387.00978,29931,-81
ituofispoc1,1539686387.9179995,29931,-67
ituofispoc1,1539686388.3685212,29931,-73
ituofispoc2,1539686384.2756364,29931,-52
ituofispoc2,1539686384.7355666,29931,-54
ituofispoc2,1539686385.6351764,29931,-44
ituofispoc2,1539686388.362806,29931,-55
ituofispoc3,1539686385.617277,29931,-73
ituofispoc3,1539686387.886554,29931,-77
ituofispoc3,1539686388.337341,29931,-79
ituofispoc4,1539686388.3635163,29931,-56
ituofispoc4,1539686389.27771,29931,-59
ituofispoc4,1539686389.72931,29931,-59
ituofispoc4,1539686390.6365933,29931,-63
ituofispoc4,1539686391.0914,29931,-63
ituofispoc2,1539686389.273515,29931,-58
ituofispoc2,1539686389.7251153,29931,-55
ituofispoc2,1539686390.1812508,29931,-55
ituofispoc2,1539686391.989679,29931,-55
ituofispoc2,1539686392.9043362,29931,-60
ituofispoc2,1539686393.3657575,29931,-54
ituofispoc1,1539686390.6487963,29931,-86
ituofispoc1,1539686391.095538,29931,-85
ituofispoc1,1539686392.4632363,29931,-72
ituofispoc1,1539686392.923981,29931,-72
ituofispoc4,1539686392.4522147,29931,-60
ituofispoc4,1539686392.9045181,29931,-60
ituofispoc4,1539686393.368929,29931,-63
ituofispoc4,1539686393.8215566,29931,-64
ituofispoc4,1539686395.6341057,29931,-58
ituofispoc4,1539686397.0031273,29931,-64
ituofispoc2,1539686394.2724278,29931,-38
ituofispoc2,1539686395.1715739,29931,-55
ituofispoc2,1539686395.6203039,29931,-54
ituofispoc2,1539686398.3631601,29931,-57
ituofispoc1,1539686397.009041,29931,-75
ituofispoc1,1539686397.4645922,29931,-70
ituofispoc3,1539686395.6001844,29931,-82
ituofispoc3,1539686396.9783697,29931,-82
ituofispoc3,1539686398.805059,29931,-95
ituofispoc4,1539686398.3849895,29931,-58
ituofispoc4,1539686398.832495,29931,-60
ituofispoc4,1539686399.270779,29931,-58
ituofispoc2,1539686399.2658756,29931,-55
ituofispoc2,1539686400.1694238,29931,-53
ituofispoc2,1539686403.3625224,29931,-55
ituofispoc1,1539686400.1796238,29931,-73
ituofispoc3,1539686404.2665164,29931,-86
ituofispoc4,1539686403.3642745,29931,-58
ituofispoc4,1539686404.2804267,29931,-59
ituofispoc4,1539686406.5830393,29931,-67
ituofispoc2,1539686404.740324,29931,-54
ituofispoc2,1539686405.1850567,29931,-56
ituofispoc2,1539686406.1069164,29931,-61
ituofispoc2,1539686407.478498,29931,-58
ituofispoc2,1539686407.9434648,29931,-54
ituofispoc2,1539686408.3866253,29931,-54
ituofispoc1,1539686404.2853944,29931,-75
ituofispoc1,1539686405.1980946,29931,-71
ituofispoc1,1539686406.5830173,29931,-77
ituofispoc1,1539686407.0323892,29931,-71
ituofispoc1,1539686407.4947147,29931,-78
ituofispoc1,1539686407.9462926,29931,-78
ituofispoc1,1539686408.8541582,29931,-67
ituofispoc3,1539686405.1663907,29931,-77
ituofispoc3,1539686407.0071054,29931,-77
ituofispoc3,1539686407.4609177,29931,-74
ituofispoc3,1539686409.2760835,29931,-76
ituofispoc4,1539686409.308883,29931,-57
ituofispoc4,1539686411.1188679,29931,-59
ituofispoc1,1539686409.307244,29931,-72
ituofispoc1,1539686413.4087753,29931,-75
ituofispoc2,1539686410.2129397,29931,-59
ituofispoc2,1539686411.1212788,29931,-55
ituofispoc2,1539686413.4059038,29931,-55
ituofispoc2,1539686413.8646915,29931,-55
ituofispoc3,1539686411.0957863,29931,-85
ituofispoc3,1539686411.5522523,29931,-77
ituofispoc4,1539686413.403541,29931,-66
ituofispoc4,1539686415.2155108,29931,-58
ituofispoc1,1539686414.7691414,29931,-74
ituofispoc1,1539686417.0444045,29931,-79
ituofispoc4,1539686418.852993,29931,-59
ituofispoc4,1539686419.3068817,29931,-60
ituofispoc4,1539686421.1220608,29931,-58
ituofispoc1,1539686420.6751568,29931,-77
ituofispoc1,1539686421.5747497,29931,-71
ituofispoc1,1539686422.0308006,29931,-71
ituofispoc3,1539686420.19074,29931,-78
ituofispoc3,1539686421.0943422,29931,-79
ituofispoc3,1539686422.4518998,29931,-75
ituofispoc3,1539686423.3581815,29931,-73
ituofispoc2,1539686422.931738,29931,-60
ituofispoc2,1539686423.831606,29931,-60
ituofispoc4,1539686422.1743922,29931,-57
ituofispoc4,1539686425.667616,29931,-57
ituofispoc1,1539686424.3066883,29931,-77
ituofispoc1,1539686425.6614735,29931,-59
ituofispoc1,1539686427.9285548,29931,-79
ituofispoc2,1539686424.2916665,29931,-55
ituofispoc2,1539686425.648318,29931,-56
ituofispoc2,1539686427.0037205,29931,-53
ituofispoc2,1539686427.464391,29931,-58
ituofispoc2,1539686427.9206898,29931,-55
ituofispoc3,1539686427.4450603,29931,-80
ituofispoc4,1539686427.9272506,29931,-63
ituofispoc4,1539686428.839752,29931,-58
ituofispoc2,1539686431.0886948,29931,-55
ituofispoc2,1539686432.9089684,29931,-54
ituofispoc3,1539686431.0709217,29931,-72
ituofispoc4,1539686432.464028,29931,-64
ituofispoc4,1539686436.549947,29931,-58
ituofispoc2,1539686436.5511274,29931,-60
ituofispoc2,1539686437.0041473,29931,-58
ituofispoc2,1539686437.9213707,29931,-55
ituofispoc2,1539686438.3727927,29931,-55
ituofispoc1,1539686438.830125,29931,-72
ituofispoc3,1539686436.531606,29931,-72
ituofispoc3,1539686436.9943216,29931,-82
ituofispoc4,1539686437.9152603,29931,-52
ituofispoc4,1539686438.3781605,29931,-58
ituofispoc4,1539686438.8290818,29931,-57
ituofispoc4,1539686440.6358187,29931,-45
ituofispoc4,1539686441.0849757,29931,-58
ituofispoc4,1539686441.5436227,29931,-64
ituofispoc4,1539686442.0043917,29931,-58
ituofispoc2,1539686439.7240493,29931,-56
ituofispoc2,1539686440.6311815,29931,-58
ituofispoc2,1539686441.0828803,29931,-58
ituofispoc1,1539686439.7329936,29931,-78
ituofispoc1,1539686442.9141948,29931,-74
ituofispoc1,1539686443.8300154,29931,-76
ituofispoc3,1539686442.8908985,29931,-72
ituofispoc3,1539686443.3557472,29931,-79
ituofispoc3,1539686444.714929,29931,-72
ituofispoc4,1539686443.3759537,29931,-64
ituofispoc4,1539686443.830032,29931,-59
ituofispoc4,1539686445.197596,29931,-60
ituofispoc4,1539686446.5748684,29931,-58
ituofispoc2,1539686444.274198,29931,-53
ituofispoc2,1539686444.738197,29931,-58
ituofispoc2,1539686446.5558915,29931,-56
ituofispoc2,1539686447.4654262,29931,-58
ituofispoc2,1539686448.3685884,29931,-60
ituofispoc1,1539686444.7474756,29931,-77
ituofispoc1,1539686446.564226,29931,-71
ituofispoc3,1539686446.9936755,29931,-72
ituofispoc4,1539686450.2009223,29931,-58
ituofispoc4,1539686451.106063,29931,-61
ituofispoc2,1539686449.7367477,29931,-55
ituofispoc2,1539686450.6449769,29931,-53
ituofispoc2,1539686451.104187,29931,-59
ituofispoc2,1539686452.0066352,29931,-54
ituofispoc2,1539686452.4661732,29931,-55
ituofispoc1,1539686452.4619992,29931,-78
ituofispoc3,1539686450.6249275,29931,-73
ituofispoc3,1539686451.0807164,29931,-74
ituofispoc3,1539686452.446116,29931,-79
ituofispoc3,1539686453.8033774,29931,-72
ituofispoc4,1539686452.4687822,29931,-71
ituofispoc4,1539686453.8303823,29931,-59
ituofispoc4,1539686455.6514065,29931,-69
ituofispoc4,1539686456.1037002,29931,-69
ituofispoc2,1539686454.2767904,29931,-55
ituofispoc2,1539686457.0088708,29931,-55
ituofispoc2,1539686457.9163713,29931,-55
ituofispoc1,1539686455.6485603,29931,-73
ituofispoc1,1539686456.1008441,29931,-73
ituofispoc1,1539686457.922046,29931,-77
ituofispoc3,1539686457.9015026,29931,-78
ituofispoc3,1539686459.258711,29931,-75
ituofispoc4,1539686457.9252596,29931,-67
ituofispoc4,1539686458.383873,29931,-69
ituofispoc4,1539686460.1968424,29931,-60
ituofispoc4,1539686460.6518214,29931,-66
ituofispoc2,1539686459.2772563,29931,-54
ituofispoc2,1539686462.0114346,29931,-55
ituofispoc2,1539686462.9152746,29931,-56
ituofispoc2,1539686463.8253086,29931,-60
ituofispoc3,1539686460.1804395,29931,-83
ituofispoc3,1539686463.8049316,29931,-80
ituofispoc4,1539686463.8303137,29931,-58
ituofispoc4,1539686464.7353923,29931,-67
ituofispoc4,1539686465.6450148,29931,-60
ituofispoc1,1539686462.016926,29931,-72
ituofispoc1,1539686464.73158,29931,-81
ituofispoc1,1539686466.0902648,29931,-73
ituofispoc2,1539686464.7368112,29931,-55
ituofispoc2,1539686468.3709433,29931,-54
ituofispoc3,1539686465.6151755,29931,-77
ituofispoc3,1539686468.8059916,29931,-58
ituofispoc3,1539686469.7181613,29931,-83
ituofispoc4,1539686467.475823,29931,-66
ituofispoc4,1539686467.9269226,29931,-58
ituofispoc4,1539686468.8396194,29931,-62
ituofispoc4,1539686470.1960824,29931,-59
ituofispoc4,1539686471.1089902,29931,-59
ituofispoc1,1539686472.0150318,29931,-58
ituofispoc1,1539686472.9172792,29931,-77
ituofispoc2,1539686469.7366047,29931,-55
ituofispoc3,1539686471.9910433,29931,-74
ituofispoc4,1539686472.9227774,29931,-64
ituofispoc1,1539686477.016807,29931,-72
ituofispoc2,1539686476.103441,29931,-54
ituofispoc2,1539686477.0117738,29931,-56
ituofispoc2,1539686477.924376,29931,-59
ituofispoc3,1539686479.728301,29931,-73
ituofispoc4,1539686477.4835517,29931,-62
ituofispoc4,1539686477.9304624,29931,-60
ituofispoc4,1539686479.7543814,29931,-61
ituofispoc4,1539686481.5665092,29931,-61
ituofispoc2,1539686479.7490246,29931,-57
ituofispoc2,1539686480.6696384,29931,-58
ituofispoc2,1539686481.108648,29931,-55
ituofispoc2,1539686482.4694016,29931,-56
ituofispoc2,1539686483.8299866,29931,-59
ituofispoc1,1539686479.2989538,29931,-71
ituofispoc1,1539686483.8317277,29931,-72
ituofispoc3,1539686481.9936326,29931,-73
ituofispoc4,1539686483.8340762,29931,-60
ituofispoc4,1539686484.7542474,29931,-63
ituofispoc2,1539686486.1022947,29931,-54
ituofispoc2,1539686486.5567882,29931,-54
ituofispoc2,1539686487.4838126,29931,-57
ituofispoc2,1539686488.3681529,29931,-54
ituofispoc2,1539686488.8239725,29931,-54
ituofispoc1,1539686484.754458,29931,-76
ituofispoc1,1539686488.8208792,29931,-77
ituofispoc3,1539686486.0795493,29931,-80
ituofispoc3,1539686486.5321271,29931,-70
ituofispoc3,1539686488.3526478,29931,-79
ituofispoc1,1539686490.1785448,29931,-72
ituofispoc2,1539686493.8236053,29931,-58
ituofispoc3,1539686490.1586204,29931,-79
ituofispoc4,1539686493.829429,29931,-63
ituofispoc1,1539686495.1939564,29931,-73
ituofispoc1,1539686497.458277,29931,-74
ituofispoc2,1539686497.4666843,29931,-54
ituofispoc2,1539686498.3760312,29931,-56
ituofispoc4,1539686497.4659703,29931,-63
ituofispoc4,1539686499.7409437,29931,-47
ituofispoc4,1539686502.0034728,29931,-59
ituofispoc2,1539686499.2930992,29931,-58
ituofispoc2,1539686502.4464176,29931,-54
ituofispoc2,1539686502.902402,29931,-55
ituofispoc4,1539686506.5426598,29931,-60
ituofispoc2,1539686504.2621896,29931,-59
ituofispoc2,1539686505.6252127,29931,-52
ituofispoc2,1539686506.083444,29931,-54
ituofispoc2,1539686507.9106536,29931,-54
ituofispoc4,1539686507.9109635,29931,-63
ituofispoc4,1539686508.8190658,29931,-59
ituofispoc4,1539686509.7301974,29931,-59
ituofispoc4,1539686510.1930873,29931,-63
ituofispoc4,1539686510.6472664,29931,-58
ituofispoc1,1539686510.1800168,29931,-82
ituofispoc1,1539686510.640216,29931,-73
ituofispoc1,1539686513.8166773,29931,-78
ituofispoc2,1539686510.6368856,29931,-56
ituofispoc2,1539686511.9992163,29931,-58
ituofispoc2,1539686512.9036634,29931,-58
ituofispoc3,1539686511.9788883,29931,-73
ituofispoc3,1539686512.4304183,29931,-79
ituofispoc4,1539686513.8225734,29931,-63
ituofispoc4,1539686515.6311436,29931,-58
ituofispoc4,1539686516.9892683,29931,-61
ituofispoc2,1539686515.6207926,29931,-55
ituofispoc2,1539686518.8000002,29931,-55
ituofispoc4,1539686517.4414098,29931,-63
ituofispoc4,1539686517.896326,29931,-64
ituofispoc4,1539686518.35327,29931,-58
ituofispoc4,1539686519.2669408,29931,-61
ituofispoc2,1539686519.2585871,29931,-58
ituofispoc2,1539686522.4681535,29931,-54
ituofispoc1,1539686522.4663591,29931,-71
ituofispoc3,1539686522.4470022,29931,-77
ituofispoc3,1539686524.268959,29931,-77
ituofispoc4,1539686522.4709504,29931,-58
ituofispoc4,1539686524.2972941,29931,-58
ituofispoc2,1539686524.2894325,29931,-41
ituofispoc2,1539686524.7602186,29931,-57
ituofispoc2,1539686527.9269905,29931,-54
ituofispoc2,1539686528.3762934,29931,-57
ituofispoc1,1539686524.289127,29931,-72
ituofispoc1,1539686528.3755732,29931,-74
ituofispoc3,1539686528.353856,29931,-72
ituofispoc4,1539686528.3780391,29931,-61
ituofispoc4,1539686529.2918007,29931,-62
ituofispoc4,1539686531.1196694,29931,-59
ituofispoc2,1539686529.7479873,29931,-55
ituofispoc2,1539686532.9359138,29931,-54
ituofispoc2,1539686533.8469527,29931,-54
ituofispoc4,1539686533.8483315,29931,-63
ituofispoc4,1539686535.231374,29931,-47
ituofispoc4,1539686536.590694,29931,-60
ituofispoc1,1539686534.3019698,29931,-58
ituofispoc3,1539686535.203101,29931,-72
ituofispoc4,1539686539.3092356,29931,-61
ituofispoc4,1539686541.1226792,29931,-58
ituofispoc1,1539686541.1173582,29931,-70
ituofispoc1,1539686543.8507578,29931,-73
ituofispoc2,1539686542.9462504,29931,-54
ituofispoc2,1539686543.850708,29931,-54
ituofispoc3,1539686541.0950012,29931,-75
ituofispoc3,1539686542.9143593,29931,-83
ituofispoc3,1539686543.3721395,29931,-76
ituofispoc3,1539686543.831032,29931,-71
ituofispoc4,1539686542.1335905,29931,-60
ituofispoc2,1539686545.2169158,29931,-54
ituofispoc2,1539686547.4845488,29931,-55
ituofispoc2,1539686547.9459956,29931,-54
ituofispoc2,1539686548.8618124,29931,-55
ituofispoc1,1539686545.214199,29931,-77
ituofispoc1,1539686546.117757,29931,-72
ituofispoc1,1539686547.9381125,29931,-76
ituofispoc3,1539686549.3007152,29931,-70
ituofispoc4,1539686547.9466,29931,-64
ituofispoc2,1539686552.0559673,29931,-69
ituofispoc1,1539686552.4991424,29931,-73
ituofispoc3,1539686550.669763,29931,-71
ituofispoc4,1539686552.965422,29931,-61
ituofispoc4,1539686554.3169518,29931,-63
ituofispoc4,1539686555.2208698,29931,-59
ituofispoc4,1539686556.581249,29931,-62
ituofispoc2,1539686554.7662086,29931,-55
ituofispoc2,1539686556.1293445,29931,-59
ituofispoc2,1539686556.5815597,29931,-63
ituofispoc4,1539686561.1360617,29931,-70
ituofispoc4,1539686561.6045127,29931,-81
ituofispoc2,1539686560.2348094,29931,-55
ituofispoc2,1539686563.410861,29931,-59
ituofispoc3,1539686561.1162176,29931,-57
ituofispoc4,1539686562.9670303,29931,-66
ituofispoc4,1539686565.6909199,29931,-64
ituofispoc2,1539686564.323558,29931,-62
ituofispoc2,1539686565.688953,29931,-58
ituofispoc4,1539686567.5030646,29931,-63
ituofispoc4,1539686569.3269002,29931,-68
ituofispoc4,1539686570.689287,29931,-70
ituofispoc1,1539686570.680736,29931,-78
ituofispoc2,1539686569.3279655,29931,-65
ituofispoc2,1539686570.2369337,29931,-66
ituofispoc2,1539686571.1399198,29931,-62
ituofispoc2,1539686572.9637792,29931,-78
ituofispoc3,1539686572.4825537,29931,-79
ituofispoc4,1539686575.26104,29931,-71
ituofispoc4,1539686576.6182017,29931,-66
ituofispoc1,1539686575.2438538,29931,-75
ituofispoc1,1539686575.7099445,29931,-69
ituofispoc1,1539686577.0689638,29931,-73
ituofispoc2,1539686574.7954843,29931,-91
ituofispoc2,1539686576.1655734,29931,-68
ituofispoc2,1539686576.6311436,29931,-73
ituofispoc3,1539686577.512735,29931,-78
ituofispoc3,1539686577.9665883,29931,-75
ituofispoc3,1539686579.7866886,29931,-82
ituofispoc4,1539686578.8965383,29931,-65
ituofispoc4,1539686579.353897,29931,-65
ituofispoc4,1539686580.7137973,29931,-62
ituofispoc2,1539686582.0791724,29931,-75
ituofispoc1,1539686580.698403,29931,-75
ituofispoc1,1539686581.6157472,29931,-73
ituofispoc1,1539686582.0888958,29931,-85
ituofispoc4,1539686582.5360808,29931,-66
ituofispoc4,1539686585.7119417,29931,-67
ituofispoc1,1539686585.7042382,29931,-75
ituofispoc4,1539686590.7363954,29931,-66
ituofispoc1,1539686592.0994334,29931,-59
ituofispoc1,1539686592.5553074,29931,-72
ituofispoc1,1539686593.4663785,29931,-75
ituofispoc2,1539686589.3645058,29931,-70
ituofispoc2,1539686592.5664022,29931,-62
ituofispoc3,1539686590.7109315,29931,-78
ituofispoc3,1539686593.907506,29931,-80
ituofispoc4,1539686592.5638983,29931,-68
ituofispoc4,1539686595.2835007,29931,-67
ituofispoc4,1539686596.1830447,29931,-68
ituofispoc1,1539686598.0055559,29931,-74
ituofispoc1,1539686598.91288,29931,-71
ituofispoc2,1539686596.185684,29931,-79
ituofispoc2,1539686596.6461942,29931,-49
ituofispoc3,1539686596.166944,29931,-77
ituofispoc3,1539686598.896649,29931,-78
ituofispoc3,1539686599.8092237,29931,-76
ituofispoc4,1539686597.554534,29931,-65
ituofispoc4,1539686598.006913,29931,-67
ituofispoc4,1539686598.9201555,29931,-69
ituofispoc4,1539686599.8429508,29931,-72
ituofispoc2,1539686599.3738961,29931,-61
ituofispoc2,1539686599.8318517,29931,-55
ituofispoc2,1539686603.4649854,29931,-68
ituofispoc1,1539686603.4573169,29931,-73
ituofispoc4,1539686603.0065062,29931,-67
ituofispoc4,1539686603.4646983,29931,-68
ituofispoc4,1539686603.9213874,29931,-67
ituofispoc4,1539686604.8268447,29931,-72
ituofispoc2,1539686607.0951505,29931,-67
ituofispoc1,1539686605.726241,29931,-71
ituofispoc4,1539686609.3794532,29931,-68
ituofispoc4,1539686610.279331,29931,-71
ituofispoc1,1539686609.8253486,29931,-73
ituofispoc1,1539686613.0132189,29931,-70
ituofispoc1,1539686613.4636636,29931,-73
ituofispoc2,1539686609.370354,29931,-71
ituofispoc2,1539686609.8362236,29931,-65
ituofispoc2,1539686610.2826257,29931,-67
ituofispoc2,1539686610.74058,29931,-61
ituofispoc2,1539686611.1922717,29931,-59
ituofispoc3,1539686610.2692256,29931,-81
ituofispoc3,1539686610.7169938,29931,-66
ituofispoc4,1539686613.4737115,29931,-72
ituofispoc4,1539686616.6739855,29931,-70
ituofispoc2,1539686616.212059,29931,-59
ituofispoc2,1539686616.6778042,29931,-69
ituofispoc3,1539686616.6530604,29931,-80
ituofispoc3,1539686619.4027514,29931,-83
ituofispoc1,1539686616.6688921,29931,-77
ituofispoc1,1539686617.5753982,29931,-58
ituofispoc1,1539686618.4847987,29931,-70
ituofispoc4,1539686617.595184,29931,-66
ituofispoc4,1539686618.4886265,29931,-66
ituofispoc4,1539686620.7641683,29931,-71
ituofispoc4,1539686621.213663,29931,-63
ituofispoc2,1539686619.4071047,29931,-71
ituofispoc2,1539686619.8571234,29931,-68
ituofispoc1,1539686620.7552028,29931,-71
ituofispoc1,1539686622.5733953,29931,-75
ituofispoc1,1539686623.0231683,29931,-75
ituofispoc3,1539686620.2855835,29931,-83
ituofispoc3,1539686622.0962343,29931,-76
ituofispoc1,1539686624.3751807,29931,-69
ituofispoc1,1539686625.7364333,29931,-71
ituofispoc1,1539686628.4737031,29931,-68
ituofispoc2,1539686626.67723,29931,-61
ituofispoc3,1539686627.1005623,29931,-81
ituofispoc4,1539686627.1397889,29931,-70
ituofispoc4,1539686629.8434954,29931,-70
ituofispoc4,1539686631.6675851,29931,-67
ituofispoc2,1539686629.8507495,29931,-70
ituofispoc4,1539686636.2231112,29931,-70
ituofispoc1,1539686636.6696513,29931,-79
ituofispoc1,1539686638.4874613,29931,-71
ituofispoc2,1539686636.2213912,29931,-66
ituofispoc2,1539686636.6784885,29931,-67
ituofispoc2,1539686638.0422275,29931,-47
ituofispoc3,1539686636.653204,29931,-81
ituofispoc4,1539686638.9520423,29931,-66
ituofispoc4,1539686641.2324436,29931,-68
ituofispoc1,1539686639.415286,29931,-82
ituofispoc1,1539686640.312387,29931,-83
ituofispoc2,1539686639.4029298,29931,-67
ituofispoc2,1539686640.310262,29931,-69
ituofispoc3,1539686644.418651,29931,-78
ituofispoc4,1539686642.1462283,29931,-67
ituofispoc1,1539686648.4835708,29931,-72
ituofispoc2,1539686645.3292584,29931,-62
ituofispoc2,1539686646.6880765,29931,-64
ituofispoc3,1539686648.4688873,29931,-83
ituofispoc4,1539686647.5918858,29931,-64
ituofispoc4,1539686651.2182727,29931,-70
ituofispoc1,1539686651.2228758,29931,-71
ituofispoc1,1539686653.485554,29931,-70
ituofispoc2,1539686649.4026797,29931,-70
ituofispoc3,1539686653.9296103,29931,-78
ituofispoc1,1539686658.9469068,29931,-73
ituofispoc2,1539686654.4031208,29931,-58
ituofispoc2,1539686656.230817,29931,-67
ituofispoc4,1539686657.141259,29931,-69
ituofispoc4,1539686661.2339048,29931,-64
ituofispoc4,1539686661.6918085,29931,-63
ituofispoc1,1539686660.317403,29931,-56
ituofispoc1,1539686660.7710037,29931,-71
ituofispoc1,1539686661.683472,29931,-74
ituofispoc2,1539686660.7890317,29931,-62
ituofispoc2,1539686661.6920772,29931,-69
ituofispoc2,1539686662.6093128,29931,-67
ituofispoc2,1539686663.512181,29931,-63
ituofispoc3,1539686661.6677709,29931,-77
ituofispoc3,1539686664.3966632,29931,-77
ituofispoc4,1539686664.4233541,29931,-63
ituofispoc4,1539686664.8773947,29931,-70
ituofispoc4,1539686665.3342876,29931,-71
ituofispoc4,1539686666.712409,29931,-63
ituofispoc1,1539686664.4128056,29931,-74
ituofispoc1,1539686664.880682,29931,-75
ituofispoc1,1539686666.6976674,29931,-72
ituofispoc1,1539686667.598232,29931,-73
ituofispoc2,1539686664.4220197,29931,-70
ituofispoc2,1539686665.3390527,29931,-63
ituofispoc2,1539686666.7074287,29931,-69
ituofispoc3,1539686666.6813982,29931,-77
ituofispoc4,1539686667.6036792,29931,-63
ituofispoc4,1539686668.0611622,29931,-71
ituofispoc2,1539686669.8776643,29931,-65
ituofispoc1,1539686673.9562309,29931,-76
ituofispoc1,1539686674.865585,29931,-71
ituofispoc1,1539686675.329787,29931,-72
ituofispoc1,1539686678.96029,29931,-70
ituofispoc2,1539686677.6102314,29931,-67
ituofispoc4,1539686679.8836796,29931,-70
ituofispoc2,1539686680.797792,29931,-65
ituofispoc2,1539686682.6204243,29931,-67
ituofispoc1,1539686680.7802272,29931,-71
ituofispoc1,1539686683.5197823,29931,-72
ituofispoc3,1539686681.2257135,29931,-76
ituofispoc3,1539686682.5978186,29931,-84
ituofispoc4,1539686685.790859,29931,-79
ituofispoc1,1539686687.159602,29931,-77
ituofispoc1,1539686687.6046426,29931,-76
ituofispoc2,1539686685.3425775,29931,-65
ituofispoc2,1539686688.9769146,29931,-68
ituofispoc3,1539686685.3126962,29931,-77
ituofispoc4,1539686688.0674188,29931,-78
ituofispoc4,1539686690.8003702,29931,-70
ituofispoc4,1539686691.7145956,29931,-63
ituofispoc1,1539686693.9747567,29931,-70
ituofispoc2,1539686693.0714011,29931,-67
ituofispoc2,1539686697.167966,29931,-70
ituofispoc2,1539686698.9867923,29931,-67
ituofispoc1,1539686698.519764,29931,-69
ituofispoc1,1539686698.973447,29931,-77
ituofispoc3,1539686698.9600894,29931,-65
ituofispoc4,1539686698.9815328,29931,-62
ituofispoc1,1539686701.2604935,29931,-71
ituofispoc2,1539686701.2588546,29931,-67
ituofispoc2,1539686702.6368814,29931,-58
ituofispoc3,1539686702.5974927,29931,-69
ituofispoc3,1539686703.9599965,29931,-77
ituofispoc2,1539686705.8093176,29931,-64
ituofispoc2,1539686707.6276748,29931,-68
ituofispoc1,1539686707.6174836,29931,-69
ituofispoc2,1539686709.4434278,29931,-64
ituofispoc1,1539686711.2540338,29931,-75
ituofispoc1,1539686713.5229547,29931,-75
ituofispoc3,1539686713.5069833,29931,-81
ituofispoc4,1539686714.8934145,29931,-71
ituofispoc2,1539686718.990932,29931,-67
ituofispoc1,1539686718.9866068,29931,-68
ituofispoc3,1539686718.0552104,29931,-81
ituofispoc3,1539686718.512096,29931,-77
ituofispoc3,1539686718.9653418,29931,-76
ituofispoc4,1539686718.9936721,29931,-48
ituofispoc4,1539686720.352429,29931,-72
ituofispoc4,1539686721.2626545,29931,-64
ituofispoc2,1539686720.3608696,29931,-70
ituofispoc2,1539686723.9938662,29931,-64
ituofispoc1,1539686722.6230383,29931,-74
ituofispoc1,1539686723.5286012,29931,-70
ituofispoc3,1539686720.3529344,29931,-81
ituofispoc4,1539686724.4406848,29931,-77
ituofispoc4,1539686724.9011574,29931,-63
ituofispoc4,1539686726.254062,29931,-67
ituofispoc4,1539686726.7072666,29931,-76
ituofispoc2,1539686726.7210941,29931,-69
ituofispoc2,1539686727.1738493,29931,-65
ituofispoc2,1539686728.0824,29931,-64
ituofispoc2,1539686728.5369687,29931,-64
ituofispoc1,1539686724.8932285,29931,-70
ituofispoc1,1539686728.0613503,29931,-66
ituofispoc3,1539686726.6897862,29931,-82
ituofispoc4,1539686729.8890862,29931,-77
ituofispoc4,1539686731.2543585,29931,-64
ituofispoc4,1539686731.7047288,29931,-62
ituofispoc1,1539686729.8858268,29931,-71
ituofispoc1,1539686731.6954758,29931,-66
ituofispoc1,1539686733.0665178,29931,-74
ituofispoc2,1539686729.4429731,29931,-71
ituofispoc2,1539686730.3536396,29931,-66
ituofispoc3,1539686730.3183424,29931,-81
ituofispoc3,1539686731.2293324,29931,-73
ituofispoc3,1539686732.141173,29931,-75
ituofispoc4,1539686734.4440284,29931,-63
ituofispoc1,1539686734.8915825,29931,-76
ituofispoc1,1539686735.336321,29931,-75
ituofispoc1,1539686738.063236,29931,-67
ituofispoc2,1539686734.8987985,29931,-66
ituofispoc4,1539686738.5170436,29931,-63
ituofispoc4,1539686738.9759896,29931,-64
ituofispoc4,1539686740.3392203,29931,-89
ituofispoc1,1539686739.8751934,29931,-79
ituofispoc1,1539686740.7726839,29931,-69
ituofispoc1,1539686741.2452726,29931,-68
ituofispoc1,1539686743.506166,29931,-69
ituofispoc2,1539686740.7910488,29931,-68
ituofispoc4,1539686745.3244982,29931,-66
ituofispoc3,1539686741.2213402,29931,-76
ituofispoc1,1539686747.5820303,29931,-72
ituofispoc2,1539686747.1479537,29931,-69
ituofispoc4,1539686749.4159508,29931,-76
ituofispoc4,1539686751.241018,29931,-63
ituofispoc2,1539686749.422018,29931,-66
ituofispoc1,1539686750.7723186,29931,-71
ituofispoc1,1539686751.2250223,29931,-69
ituofispoc3,1539686751.209054,29931,-80
ituofispoc3,1539686753.9623306,29931,-87
ituofispoc4,1539686753.9833434,29931,-82
ituofispoc4,1539686754.4308894,29931,-79
ituofispoc4,1539686754.8921645,29931,-68
ituofispoc2,1539686754.4443195,29931,-65
ituofispoc2,1539686754.8985934,29931,-67
ituofispoc2,1539686756.257381,29931,-66
ituofispoc1,1539686757.6110232,29931,-69
ituofispoc3,1539686756.7022905,29931,-87
ituofispoc4,1539686759.4239872,29931,-64
ituofispoc2,1539686760.3416624,29931,-68
ituofispoc1,1539686760.7898965,29931,-68
ituofispoc1,1539686763.071554,29931,-55
ituofispoc2,1539686768.9837592,29931,-67
ituofispoc1,1539686766.7061422,29931,-70
ituofispoc3,1539686765.3287954,29931,-80
ituofispoc3,1539686767.1383238,29931,-81
ituofispoc2,1539686769.8915174,29931,-67
ituofispoc2,1539686772.159118,29931,-64
ituofispoc1,1539686771.248315,29931,-69
ituofispoc1,1539686773.0559366,29931,-67
ituofispoc3,1539686770.7754257,29931,-75
ituofispoc1,1539686776.2442126,29931,-70
ituofispoc1,1539686777.6134179,29931,-74
ituofispoc2,1539686778.0895493,29931,-68
ituofispoc3,1539686777.137068,29931,-73
ituofispoc4,1539686780.3441403,29931,-74
ituofispoc2,1539686783.5279067,29931,-67
ituofispoc2,1539686783.991343,29931,-69
ituofispoc1,1539686780.3411522,29931,-71
ituofispoc1,1539686780.7902079,29931,-70
ituofispoc1,1539686782.1452823,29931,-74
ituofispoc3,1539686782.141332,29931,-83
ituofispoc3,1539686783.4993029,29931,-83
ituofispoc3,1539686783.964355,29931,-80
ituofispoc3,1539686784.4238648,29931,-82
ituofispoc4,1539686782.1696663,29931,-73
ituofispoc4,1539686783.0689595,29931,-66
ituofispoc4,1539686783.9897895,29931,-72
ituofispoc4,1539686784.4454045,29931,-71
ituofispoc4,1539686786.7244918,29931,-64
ituofispoc1,1539686784.4255092,29931,-72
ituofispoc1,1539686785.3540545,29931,-70
ituofispoc2,1539686784.9021187,29931,-68
ituofispoc3,1539686785.7952018,29931,-81
ituofispoc1,1539686793.9957316,29931,-71
ituofispoc4,1539686795.809846,29931,-65
ituofispoc2,1539686794.4533722,29931,-61
ituofispoc2,1539686795.8151433,29931,-65
ituofispoc2,1539686798.080638,29931,-66
ituofispoc1,1539686795.797522,29931,-70
ituofispoc1,1539686798.0708525,29931,-76
ituofispoc3,1539686798.0517452,29931,-83
ituofispoc4,1539686798.0731497,29931,-70
ituofispoc4,1539686799.8974147,29931,-64
ituofispoc1,1539686799.898112,29931,-57
ituofispoc4,1539686802.1562274,29931,-70
ituofispoc4,1539686804.8909876,29931,-75
ituofispoc1,1539686805.792406,29931,-56
ituofispoc2,1539686808.5431204,29931,-66
ituofispoc3,1539686806.691653,29931,-73
ituofispoc3,1539686807.602146,29931,-72
ituofispoc3,1539686808.51033,29931,-76
ituofispoc3,1539686809.4157171,29931,-74
ituofispoc4,1539686810.3554385,29931,-63
ituofispoc4,1539686811.2714071,29931,-72
ituofispoc2,1539686809.9034474,29931,-60
ituofispoc2,1539686810.3618927,29931,-66
ituofispoc1,1539686810.3447032,29931,-73
ituofispoc1,1539686813.0881286,29931,-71
ituofispoc3,1539686811.2409623,29931,-76
ituofispoc4,1539686812.6642404,29931,-63
ituofispoc1,1539686814.454272,29931,-71
ituofispoc1,1539686815.363616,29931,-73
ituofispoc2,1539686817.6414568,29931,-63
ituofispoc2,1539686818.1032653,29931,-74
ituofispoc3,1539686818.0686848,29931,-84
ituofispoc4,1539686820.8357,29931,-67
ituofispoc1,1539686819.9141734,29931,-72
ituofispoc1,1539686820.8254044,29931,-69
ituofispoc2,1539686819.9315085,29931,-73
ituofispoc2,1539686822.2135036,29931,-74
ituofispoc3,1539686820.3534887,29931,-86
ituofispoc3,1539686822.180533,29931,-85
ituofispoc2,1539686827.6701922,29931,-72
ituofispoc3,1539686829.0074809,29931,-86
ituofispoc4,1539686828.1124492,29931,-63
ituofispoc4,1539686828.5736947,29931,-48
ituofispoc4,1539686829.4926531,29931,-66
ituofispoc4,1539686831.7745688,29931,-65
ituofispoc1,1539686829.1232321,29931,-70
ituofispoc1,1539686830.3941824,29931,-71
ituofispoc1,1539686831.3141923,29931,-69
ituofispoc1,1539686832.679191,29931,-68
ituofispoc1,1539686833.139732,29931,-68
ituofispoc2,1539686831.331122,29931,-61
ituofispoc2,1539686831.7823033,29931,-76
ituofispoc3,1539686830.3777978,29931,-77
ituofispoc3,1539686831.7649777,29931,-80
ituofispoc3,1539686832.6618066,29931,-77
ituofispoc4,1539686832.6939964,29931,-63
ituofispoc4,1539686833.143969,29931,-62
ituofispoc4,1539686834.5017433,29931,-66
ituofispoc1,1539686834.4971297,29931,-73
ituofispoc1,1539686838.6002805,29931,-71
ituofispoc2,1539686834.1533744,29931,-61
ituofispoc2,1539686838.1514525,29931,-64
ituofispoc3,1539686835.384897,29931,-86
ituofispoc3,1539686838.575624,29931,-81
ituofispoc4,1539686838.1456447,29931,-68
ituofispoc4,1539686840.4321508,29931,-63
ituofispoc1,1539686840.4332058,29931,-68
ituofispoc1,1539686841.3327093,29931,-71
ituofispoc2,1539686839.5191357,29931,-68
ituofispoc2,1539686839.9736757,29931,-65
ituofispoc2,1539686841.3343995,29931,-60
ituofispoc4,1539686843.1391215,29931,-65
ituofispoc4,1539686846.332666,29931,-69
ituofispoc1,1539686846.3202953,29931,-72
ituofispoc1,1539686847.68853,29931,-72
ituofispoc2,1539686847.7014241,29931,-60
ituofispoc3,1539686847.2123942,29931,-78
ituofispoc4,1539686850.4302702,29931,-67
ituofispoc1,1539686850.8774214,29931,-70
ituofispoc2,1539686852.7154624,29931,-64
ituofispoc3,1539686852.220473,29931,-83
ituofispoc4,1539686852.2570934,29931,-64
ituofispoc4,1539686854.067183,29931,-51
ituofispoc1,1539686854.9747095,29931,-69
ituofispoc1,1539686855.4455655,29931,-75
ituofispoc2,1539686854.1628675,29931,-71
ituofispoc2,1539686855.4411457,29931,-62
